﻿<?xml version="1.0" encoding="utf-8"?>
<Elements xmlns="http://schemas.microsoft.com/sharepoint/">
  <Module Name="Scripts">
    <File Path="Scripts\App.js" Url="Scripts/App.js" ReplaceContent="TRUE" />
    <File Path="Scripts\jquery-1.9.1.min.map" Url="Scripts/jquery-1.9.1.min.map" ReplaceContent="TRUE" />
    <File Path="Scripts\jquery-1.9.1.min.js" Url="Scripts/jquery-1.9.1.min.js" ReplaceContent="TRUE" />
    <File Path="Scripts\jquery-1.9.1.js" Url="Scripts/jquery-1.9.1.js" ReplaceContent="TRUE" />
    <File Path="Scripts\jquery-1.9.1.intellisense.js" Url="Scripts/jquery-1.9.1.intellisense.js" ReplaceContent="TRUE" />
    <File Path="Scripts\libs\bootstrap\bootstrap.min.js" Url="Scripts/libs/bootstrap/bootstrap.min.js" ReplaceContent="TRUE" />
    <File Path="Scripts\libs\mvc\backbone.js" Url="Scripts/libs/mvc/backbone.js" ReplaceContent="TRUE" />
    <File Path="Scripts\libs\mvc\knockback.js" Url="Scripts/libs/mvc/knockback.js" ReplaceContent="TRUE" />
    <File Path="Scripts\libs\mvc\knockout-2.2.0.js" Url="Scripts/libs/mvc/knockout-2.2.0.js" ReplaceContent="TRUE" />
    <File Path="Scripts\libs\mvc\underscore.js" Url="Scripts/libs/mvc/underscore.js" ReplaceContent="TRUE" />
    <File Path="Scripts\App_AddProject.js" Url="Scripts/App_AddProject.js" ReplaceContent="TRUE" />
    <File Path="Scripts\libs\peoplepicker\jquery-ui-sppeoplepicker-1.0.js" Url="Scripts/libs/peoplepicker/jquery-ui-sppeoplepicker-1.0.js" ReplaceContent="TRUE" />
    <File Path="Scripts\libs\jquery_plus\jquery-ui-1.12.0.min.js" Url="Scripts/libs/jquery_plus/jquery-ui-1.12.0.min.js" ReplaceContent="TRUE" />
    <File Path="Scripts\libs\jquery_plus\jquery.cookie-1.4.1.js" Url="Scripts/libs/jquery_plus/jquery.cookie-1.4.1.js" ReplaceContent="TRUE" />
    <File Path="Scripts\App_PeoplePicker.js" Url="Scripts/App_PeoplePicker.js" ReplaceContent="TRUE" />
    <File Path="Scripts\App_EditProject.js" Url="Scripts/App_EditProject.js" ReplaceContent="TRUE" />
    <File Path="Scripts\libs\cookies\jquery.cookie.js" Url="Scripts/libs/cookies/jquery.cookie.js" ReplaceContent="TRUE" />
    <File Path="Scripts\libs\bootstrap\bootstrap-multiselect.js" Url="Scripts/libs/bootstrap/bootstrap-multiselect.js" ReplaceContent="TRUE" />
    <File Path="Scripts\App_File_Upload.js" Url="Scripts/App_File_Upload.js" ReplaceContent="TRUE" />
    <File Path="Scripts\People_Picker.js" Url="Scripts/People_Picker.js" ReplaceContent="TRUE" />
    <File Path="Scripts\libs\sp\jquery.SPServices-2014.02.min.js" Url="Scripts/libs/sp/jquery.SPServices-2014.02.min.js" ReplaceContent="TRUE" />
    <File Path="Scripts\libs\mask\mask.js" Url="Scripts/libs/mask/mask.js" ReplaceContent="TRUE" />
    <File Path="Scripts\jqueryCustom-1.7.1.min.js" Url="Scripts/jqueryCustom-1.7.1.min.js" ReplaceContent="TRUE" />
    <File Path="Scripts\jqueryCustom-ui-1.18.min.js" Url="Scripts/jqueryCustom-ui-1.18.min.js" ReplaceContent="TRUE" />
    <File Path="Scripts\App_AutoLookup.js" Url="Scripts/App_AutoLookup.js" ReplaceContent="TRUE" />
    <File Path="Scripts\jquery.datatables-1.9.4.min.js" Url="Scripts/jquery.datatables-1.9.4.min.js" ReplaceContent="TRUE" />
    <File Path="Scripts\jquery.tablesorter.min.js" Url="Scripts/jquery.tablesorter.min.js" ReplaceContent="TRUE" />
    <File Path="Scripts\App_CnumSearch.js" Url="Scripts/App_CnumSearch.js" ReplaceContent="TRUE" />
  </Module>
</Elements>
