﻿<?xml version="1.0" encoding="utf-8"?>
<Solution xmlns="http://schemas.microsoft.com/sharepoint/" SolutionId="f5653b87-a35c-4eed-9c54-8df56858542a" SharePointProductVersion="15.0">
  <Assemblies>
    <Assembly Location="TIAA.SharePoint.MPSTemplate.dll" DeploymentTarget="GlobalAssemblyCache" />
  </Assemblies>
  <TemplateFiles>
    <TemplateFile Location="1033\xml\webtemp_TIAAMPS.xml" />
  </TemplateFiles>
  <FeatureManifests>
    <FeatureManifest Location="TIAA.SharePoint.MPSTemplate_Feature1\Feature.xml" />
  </FeatureManifests>
</Solution>