﻿<?xml version="1.0" encoding="utf-8"?>
<Feature xmlns="http://schemas.microsoft.com/sharepoint/" Description="SharePoint App Feature" Id="849c635e-603d-4917-823d-f3f8db4a0247" Scope="Web" Title="SP2013_CPRO Feature1" Version="1.0.1.4">
  <ElementManifests>
    <ElementManifest Location="Pages\Elements.xml" />
    <ElementFile Location="Pages\Default.aspx" />
    <ElementFile Location="Pages\CPRO_New_Project.aspx" />
    <ElementFile Location="Pages\CPRO_Edit_Project.aspx" />
    <ElementFile Location="Pages\dev_Upload.aspx" />
    <ElementFile Location="Pages\dev_Peoplepicker.aspx" />
    <ElementFile Location="Pages\dev_AutoLookUp.aspx" />
    <ElementFile Location="Pages\CPRO_CnumSearch.aspx" />
    <ElementManifest Location="Scripts\Elements.xml" />
    <ElementFile Location="Scripts\App.js" />
    <ElementFile Location="Scripts\jquery-1.9.1.min.map" />
    <ElementFile Location="Scripts\jquery-1.9.1.min.js" />
    <ElementFile Location="Scripts\jquery-1.9.1.js" />
    <ElementFile Location="Scripts\jquery-1.9.1.intellisense.js" />
    <ElementFile Location="Scripts\libs\bootstrap\bootstrap.min.js" />
    <ElementFile Location="Scripts\libs\mvc\backbone.js" />
    <ElementFile Location="Scripts\libs\mvc\knockback.js" />
    <ElementFile Location="Scripts\libs\mvc\knockout-2.2.0.js" />
    <ElementFile Location="Scripts\libs\mvc\underscore.js" />
    <ElementFile Location="Scripts\App_AddProject.js" />
    <ElementFile Location="Scripts\libs\peoplepicker\jquery-ui-sppeoplepicker-1.0.js" />
    <ElementFile Location="Scripts\libs\jquery_plus\jquery-ui-1.12.0.min.js" />
    <ElementFile Location="Scripts\libs\jquery_plus\jquery.cookie-1.4.1.js" />
    <ElementFile Location="Scripts\App_PeoplePicker.js" />
    <ElementFile Location="Scripts\App_EditProject.js" />
    <ElementFile Location="Scripts\libs\cookies\jquery.cookie.js" />
    <ElementFile Location="Scripts\libs\bootstrap\bootstrap-multiselect.js" />
    <ElementFile Location="Scripts\App_File_Upload.js" />
    <ElementFile Location="Scripts\People_Picker.js" />
    <ElementFile Location="Scripts\libs\sp\jquery.SPServices-2014.02.min.js" />
    <ElementFile Location="Scripts\libs\mask\mask.js" />
    <ElementFile Location="Scripts\jqueryCustom-1.7.1.min.js" />
    <ElementFile Location="Scripts\jqueryCustom-ui-1.18.min.js" />
    <ElementFile Location="Scripts\App_AutoLookup.js" />
    <ElementFile Location="Scripts\jquery.datatables-1.9.4.min.js" />
    <ElementFile Location="Scripts\jquery.tablesorter.min.js" />
    <ElementFile Location="Scripts\App_CnumSearch.js" />
    <ElementManifest Location="Content\Elements.xml" />
    <ElementFile Location="Content\App.css" />
    <ElementFile Location="Content\css\bootstrap\bootstrap.min.css" />
    <ElementFile Location="Content\css\bootstrap\bootstrap-theme.min.css" />
    <ElementFile Location="Content\css\jquery_plus\jquery-ui-1.12.0.min.css" />
    <ElementFile Location="Content\css\bootstrap\fonts\glyphicons-halflings-regular.eot" />
    <ElementFile Location="Content\css\bootstrap\fonts\glyphicons-halflings-regular.svg" />
    <ElementFile Location="Content\css\bootstrap\fonts\glyphicons-halflings-regular.ttf" />
    <ElementFile Location="Content\css\bootstrap\fonts\glyphicons-halflings-regular.woff" />
    <ElementFile Location="Content\css\bootstrap\fonts\glyphicons-halflings-regular.woff2" />
    <ElementFile Location="Content\css\bootstrap\bootstrap-multiselect.css" />
    <ElementFile Location="Content\css\jquery_plus\images\ui-icons_444444_256x240.png" />
    <ElementFile Location="Content\css\jquery_plus\images\ui-icons_555555_256x240.png" />
    <ElementFile Location="Content\css\jquery_plus\images\ui-icons_777620_256x240.png" />
    <ElementFile Location="Content\css\jquery_plus\images\ui-icons_777777_256x240.png" />
    <ElementFile Location="Content\css\jquery_plus\images\ui-icons_cc0000_256x240.png" />
    <ElementFile Location="Content\css\jquery_plus\images\ui-icons_ffffff_256x240.png" />
    <ElementFile Location="Content\css\jquery_plus\jquery-uiCustom.css" />
    <ElementManifest Location="Images\Elements.xml" />
    <ElementFile Location="Images\AppIcon.png" />
    <ElementFile Location="Images\cpro_app.png" />
    <ElementFile Location="Images\ppicker.png" />
    <ElementFile Location="Images\required.png" />
    <ElementFile Location="Images\loading.gif" />
    <ElementFile Location="Images\loading_sm.gif" />
    <ElementFile Location="Images\mppicker.png" />
    <ElementFile Location="Images\calendar.png" />
  </ElementManifests>
  <UpgradeActions>
    <VersionRange>
      <ApplyElementManifests>
        <ElementManifest Location="Pages\Elements.xml" />
        <ElementManifest Location="Scripts\Elements.xml" />
        <ElementManifest Location="Content\Elements.xml" />
        <ElementManifest Location="Images\Elements.xml" />
      </ApplyElementManifests>
    </VersionRange>
  </UpgradeActions>
</Feature>
