﻿<?xml version="1.0" encoding="utf-8"?>
<Elements xmlns="http://schemas.microsoft.com/sharepoint/">
  <Module Name="Content">
    <File Path="Content\App.css" Url="Content/App.css" ReplaceContent="TRUE" />
    <File Path="Content\css\bootstrap\bootstrap.min.css" Url="Content/css/bootstrap/bootstrap.min.css" ReplaceContent="TRUE" />
    <File Path="Content\css\bootstrap\bootstrap-theme.min.css" Url="Content/css/bootstrap/bootstrap-theme.min.css" ReplaceContent="TRUE" />
    <File Path="Content\css\jquery_plus\jquery-ui-1.12.0.min.css" Url="Content/css/jquery_plus/jquery-ui-1.12.0.min.css" ReplaceContent="TRUE" />
    <File Path="Content\css\bootstrap\fonts\glyphicons-halflings-regular.eot" Url="Content/css/bootstrap/fonts/glyphicons-halflings-regular.eot" ReplaceContent="TRUE" />
    <File Path="Content\css\bootstrap\fonts\glyphicons-halflings-regular.svg" Url="Content/css/bootstrap/fonts/glyphicons-halflings-regular.svg" ReplaceContent="TRUE" />
    <File Path="Content\css\bootstrap\fonts\glyphicons-halflings-regular.ttf" Url="Content/css/bootstrap/fonts/glyphicons-halflings-regular.ttf" ReplaceContent="TRUE" />
    <File Path="Content\css\bootstrap\fonts\glyphicons-halflings-regular.woff" Url="Content/css/bootstrap/fonts/glyphicons-halflings-regular.woff" ReplaceContent="TRUE" />
    <File Path="Content\css\bootstrap\fonts\glyphicons-halflings-regular.woff2" Url="Content/css/bootstrap/fonts/glyphicons-halflings-regular.woff2" ReplaceContent="TRUE" />
    <File Path="Content\css\bootstrap\bootstrap-multiselect.css" Url="Content/css/bootstrap/bootstrap-multiselect.css" ReplaceContent="TRUE" />
    <File Path="Content\css\jquery_plus\images\ui-icons_444444_256x240.png" Url="Content/css/jquery_plus/images/ui-icons_444444_256x240.png" ReplaceContent="TRUE" />
    <File Path="Content\css\jquery_plus\images\ui-icons_555555_256x240.png" Url="Content/css/jquery_plus/images/ui-icons_555555_256x240.png" ReplaceContent="TRUE" />
    <File Path="Content\css\jquery_plus\images\ui-icons_777620_256x240.png" Url="Content/css/jquery_plus/images/ui-icons_777620_256x240.png" ReplaceContent="TRUE" />
    <File Path="Content\css\jquery_plus\images\ui-icons_777777_256x240.png" Url="Content/css/jquery_plus/images/ui-icons_777777_256x240.png" ReplaceContent="TRUE" />
    <File Path="Content\css\jquery_plus\images\ui-icons_cc0000_256x240.png" Url="Content/css/jquery_plus/images/ui-icons_cc0000_256x240.png" ReplaceContent="TRUE" />
    <File Path="Content\css\jquery_plus\images\ui-icons_ffffff_256x240.png" Url="Content/css/jquery_plus/images/ui-icons_ffffff_256x240.png" ReplaceContent="TRUE" />
    <File Path="Content\css\jquery_plus\jquery-uiCustom.css" Url="Content/css/jquery_plus/jquery-uiCustom.css" ReplaceContent="TRUE" />
  </Module>
</Elements>