﻿<?xml version="1.0" encoding="utf-8"?>
<Elements xmlns="http://schemas.microsoft.com/sharepoint/">
  <Module Name="Pages">
    <File Path="Pages\Default.aspx" Url="Pages/Default.aspx" ReplaceContent="TRUE" />
    <File Path="Pages\CPRO_New_Project.aspx" Url="Pages/CPRO_New_Project.aspx" ReplaceContent="TRUE" />
    <File Path="Pages\CPRO_Edit_Project.aspx" Url="Pages/CPRO_Edit_Project.aspx" ReplaceContent="TRUE" />
    <File Path="Pages\dev_Upload.aspx" Url="Pages/dev_Upload.aspx" ReplaceContent="TRUE" />
    <File Path="Pages\dev_Peoplepicker.aspx" Url="Pages/dev_Peoplepicker.aspx" ReplaceContent="TRUE" />
    <File Path="Pages\dev_AutoLookUp.aspx" Url="Pages/dev_AutoLookUp.aspx" ReplaceContent="TRUE" />
    <File Path="Pages\CPRO_CnumSearch.aspx" Url="Pages/CPRO_CnumSearch.aspx" ReplaceContent="TRUE" />
  </Module>
</Elements>
