﻿<?xml version="1.0" encoding="utf-8"?>
<Elements xmlns="http://schemas.microsoft.com/sharepoint/">
  <Module Name="Images">
    <File Path="Images\AppIcon.png" Url="Images/AppIcon.png" ReplaceContent="TRUE" />
    <File Path="Images\cpro_app.png" Url="Images/cpro_app.png" ReplaceContent="TRUE" />
    <File Path="Images\ppicker.png" Url="Images/ppicker.png" ReplaceContent="TRUE" />
    <File Path="Images\required.png" Url="Images/required.png" ReplaceContent="TRUE" />
    <File Path="Images\loading.gif" Url="Images/loading.gif" ReplaceContent="TRUE" />
    <File Path="Images\loading_sm.gif" Url="Images/loading_sm.gif" ReplaceContent="TRUE" />
    <File Path="Images\mppicker.png" Url="Images/mppicker.png" ReplaceContent="TRUE" />
    <File Path="Images\calendar.png" Url="Images/calendar.png" ReplaceContent="TRUE" />
  </Module>
</Elements>