﻿<?xml version="1.0" encoding="utf-8"?>
<!--Published:920014D5-5E5A-442D-934A-437E4FB0A4DA-->
<!--Created:cb85b80c-f585-40ff-8bfc-12ff4d0e34a9-->
<App xmlns="http://schemas.microsoft.com/sharepoint/2012/app/manifest" Name="SP2013_CPRO" ProductID="{997584f0-55e2-4f69-aa9b-3c0d04ff1470}" Version="1.0.1.4" SharePointMinVersion="15.0.0.0">
  <Properties>
    <Title>SP2013 CPRO</Title>
    <StartPage>~appWebUrl/Pages/Default.aspx?{StandardTokens}</StartPage>
  </Properties>
  <AppPrincipal>
    <Internal />
  </AppPrincipal>
  <AppPermissionRequests AllowAppOnlyPolicy="false">
    <AppPermissionRequest Scope="http://sharepoint/content/sitecollection" Right="FullControl" />
    <AppPermissionRequest Scope="http://sharepoint/content/sitecollection/web" Right="FullControl" />
    <AppPermissionRequest Scope="http://sharepoint/social/tenant" Right="FullControl" />
  </AppPermissionRequests>
</App>