﻿<?xml version="1.0" encoding="utf-8"?>
<Templates xmlns:ows="Microsoft SharePoint">
  <Template Name="TIAAMPS" ID="2">
    <Configuration ID="0"
                  Title="Basic Meeting Workspace"
                  Hidden="FALSE"
                  ImageUrl="/_layouts/15/images/stmw.png?rev=23"
                  Description="A site to plan, organize, and capture the results of a meeting. It provides lists for managing the agenda, meeting attendees, and documents."
                  DisplayCategory="Meetings"
                  SupportsMultilingualUI="FALSE"
                  VisibilityFeatureDependency="ec29ae34-c132-4b64-86a9-ef1453eb9ccd"
                  ProvisionAssembly="$SharePoint.Project.AssemblyFullName$"
                  ProvisionClass="TIAA.SharePoint.MPSTemplate.ProvisioningProvider"
                  ProvisionData="MPS#0" ></Configuration>
    <Configuration ID="1"
                   Title="Blank Meeting Workspace"
                   Hidden="FALSE"
                   ImageUrl="/_layouts/15/images/stbm.png?rev=23"
                   Description="A blank meeting site for you to customize based on your requirements."
                   DisplayCategory="Meetings"
                   SupportsMultilingualUI="FALSE"
                   VisibilityFeatureDependency="ec29ae34-c132-4b64-86a9-ef1453eb9ccd"
                   ProvisionAssembly="$SharePoint.Project.AssemblyFullName$"
                   ProvisionClass="TIAA.SharePoint.MPSTemplate.ProvisioningProvider"
                   ProvisionData="MPS#1"></Configuration>
    <Configuration ID="2"
                   Title="Decision Meeting Workspace"
                   Hidden="FALSE"
                   ImageUrl="/_layouts/15/images/stdm.png?rev=23"
                   Description="A site for meetings that track status or make decisions. It provides lists for creating tasks, storing documents, and recording decisions."
                   DisplayCategory="Meetings"
                   SupportsMultilingualUI="FALSE"
                   VisibilityFeatureDependency="ec29ae34-c132-4b64-86a9-ef1453eb9ccd"
                   ProvisionAssembly="$SharePoint.Project.AssemblyFullName$"
                   ProvisionClass="TIAA.SharePoint.MPSTemplate.ProvisioningProvider"
                   ProvisionData="MPS#2"></Configuration>
    <Configuration ID="3"
                   Title="Social Meeting Workspace"
                   Hidden="FALSE"
                   ImageUrl="/_layouts/15/images/stsm.png?rev=23"
                   Description="A site to plan social occasions. It provides lists for tracking attendees, providing directions, and storing pictures of the event."
                   DisplayCategory="Meetings"
                   SupportsMultilingualUI="FALSE"
                   VisibilityFeatureDependency="ec29ae34-c132-4b64-86a9-ef1453eb9ccd"
                   ProvisionAssembly="$SharePoint.Project.AssemblyFullName$"
                   ProvisionClass="TIAA.SharePoint.MPSTemplate.ProvisioningProvider"
                   ProvisionData="MPS#3"></Configuration>
    <Configuration ID="4"
                   Title="Multipage Meeting Workspace"
                   Hidden="FALSE"
                   ImageUrl="/_layouts/15/images/stmm.png?rev=23"
                   Description="A site to plan, organize, and capture the results of a meeting. It provides lists for managing the agenda and meeting attendees in addition to two blank pages for you to customize based on your requirements."
                   DisplayCategory="Meetings"
                   SupportsMultilingualUI="FALSE"
                   VisibilityFeatureDependency="ec29ae34-c132-4b64-86a9-ef1453eb9ccd"
                   ProvisionAssembly="$SharePoint.Project.AssemblyFullName$"
                   ProvisionClass="TIAA.SharePoint.MPSTemplate.ProvisioningProvider"
                   ProvisionData="MPS#4"></Configuration>
  </Template>
</Templates>
